contador;fecha;numero1;numero2;numero3
31413;1/01/2026;2026;1;1
31414;2/01/2026;2026;1;2
31415;3/01/2026;2026;1;3
31416;4/01/2026;2026;1;4
31417;5/01/2026;2026;1;5
31418;6/01/2026;2026;1;6
31419;7/01/2026;2026;1;7
31420;8/01/2026;2026;1;8
31421;9/01/2026;2026;1;9
31422;10/01/2026;2026;1;10
31423;11/01/2026;2026;1;11
31424;12/01/2026;2026;1;12
31425;13/01/2026;2026;1;13
31426;14/01/2026;2026;1;14
31427;15/01/2026;2026;1;15
31428;16/01/2026;2026;1;16
31429;17/01/2026;2026;1;17
31430;18/01/2026;2026;1;18
31431;19/01/2026;2026;1;19
31432;20/01/2026;2026;1;20
31433;21/01/2026;2026;1;21
31434;22/01/2026;2026;1;22
31435;23/01/2026;2026;1;23
31436;24/01/2026;2026;1;24
31437;25/01/2026;2026;1;25
31438;26/01/2026;2026;1;26
31439;27/01/2026;2026;1;27
31440;28/01/2026;2026;1;28
31441;29/01/2026;2026;1;29
31442;30/01/2026;2026;1;30
31443;31/01/2026;2026;1;31
31444;1/02/2026;2026;2;1
31445;2/02/2026;2026;2;2
31446;3/02/2026;2026;2;3
31447;4/02/2026;2026;2;4
31448;5/02/2026;2026;2;5
31449;6/02/2026;2026;2;6
31450;7/02/2026;2026;2;7
31451;8/02/2026;2026;2;8
31452;9/02/2026;2026;2;9
31453;10/02/2026;2026;2;10
31454;11/02/2026;2026;2;11
31455;12/02/2026;2026;2;12
31456;13/02/2026;2026;2;13
31457;14/02/2026;2026;2;14
31458;15/02/2026;2026;2;15
31459;16/02/2026;2026;2;16
31460;17/02/2026;2026;2;17
31461;18/02/2026;2026;2;18
31462;19/02/2026;2026;2;19
31463;20/02/2026;2026;2;20
31464;21/02/2026;2026;2;21
31465;22/02/2026;2026;2;22
31466;23/02/2026;2026;2;23
31467;24/02/2026;2026;2;24
31468;25/02/2026;2026;2;25
31469;26/02/2026;2026;2;26
31470;27/02/2026;2026;2;27
31471;28/02/2026;2026;2;28
31472;1/03/2026;2026;3;1
31473;2/03/2026;2026;3;2
31474;3/03/2026;2026;3;3
31475;4/03/2026;2026;3;4
31476;5/03/2026;2026;3;5
31477;6/03/2026;2026;3;6
31478;7/03/2026;2026;3;7
31479;8/03/2026;2026;3;8
31480;9/03/2026;2026;3;9
31481;10/03/2026;2026;3;10
31482;11/03/2026;2026;3;11
31483;12/03/2026;2026;3;12
31484;13/03/2026;2026;3;13
31485;14/03/2026;2026;3;14
31486;15/03/2026;2026;3;15
31487;16/03/2026;2026;3;16
31488;17/03/2026;2026;3;17
31489;18/03/2026;2026;3;18
31490;19/03/2026;2026;3;19
31491;20/03/2026;2026;3;20
31492;21/03/2026;2026;3;21
31493;22/03/2026;2026;3;22
31494;23/03/2026;2026;3;23
31495;24/03/2026;2026;3;24
31496;25/03/2026;2026;3;25
31497;26/03/2026;2026;3;26
31498;27/03/2026;2026;3;27
31499;28/03/2026;2026;3;28
31500;29/03/2026;2026;3;29
31501;30/03/2026;2026;3;30
31502;31/03/2026;2026;3;31
31503;1/04/2026;2026;4;1
31504;2/04/2026;2026;4;2
31505;3/04/2026;2026;4;3
31506;4/04/2026;2026;4;4
31507;5/04/2026;2026;4;5
31508;6/04/2026;2026;4;6
31509;7/04/2026;2026;4;7
31510;8/04/2026;2026;4;8
31511;9/04/2026;2026;4;9
31512;10/04/2026;2026;4;10
31513;11/04/2026;2026;4;11
31514;12/04/2026;2026;4;12
31515;13/04/2026;2026;4;13
31516;14/04/2026;2026;4;14
31517;15/04/2026;2026;4;15
31518;16/04/2026;2026;4;16
31519;17/04/2026;2026;4;17
31520;18/04/2026;2026;4;18
31521;19/04/2026;2026;4;19
31522;20/04/2026;2026;4;20
31523;21/04/2026;2026;4;21
31524;22/04/2026;2026;4;22
31525;23/04/2026;2026;4;23
31526;24/04/2026;2026;4;24
31527;25/04/2026;2026;4;25
31528;26/04/2026;2026;4;26
31529;27/04/2026;2026;4;27
31530;28/04/2026;2026;4;28
31531;29/04/2026;2026;4;29
31532;30/04/2026;2026;4;30
31533;1/05/2026;2026;5;1
31534;2/05/2026;2026;5;2
31535;3/05/2026;2026;5;3
31536;4/05/2026;2026;5;4
31537;5/05/2026;2026;5;5
31538;6/05/2026;2026;5;6
31539;7/05/2026;2026;5;7
31540;8/05/2026;2026;5;8
31541;9/05/2026;2026;5;9
31542;10/05/2026;2026;5;10
31543;11/05/2026;2026;5;11
31544;12/05/2026;2026;5;12
31545;13/05/2026;2026;5;13
31546;14/05/2026;2026;5;14
31547;15/05/2026;2026;5;15
31548;16/05/2026;2026;5;16
31549;17/05/2026;2026;5;17
31550;18/05/2026;2026;5;18
31551;19/05/2026;2026;5;19
31552;20/05/2026;2026;5;20
31553;21/05/2026;2026;5;21
31554;22/05/2026;2026;5;22
31555;23/05/2026;2026;5;23
31556;24/05/2026;2026;5;24
31557;25/05/2026;2026;5;25
31558;26/05/2026;2026;5;26
31559;27/05/2026;2026;5;27
31560;28/05/2026;2026;5;28
31561;29/05/2026;2026;5;29
31562;30/05/2026;2026;5;30
31563;31/05/2026;2026;5;31
31564;1/06/2026;2026;6;1
31565;2/06/2026;2026;6;2
31566;3/06/2026;2026;6;3
31567;4/06/2026;2026;6;4
31568;5/06/2026;2026;6;5
31569;6/06/2026;2026;6;6
31570;7/06/2026;2026;6;7
31571;8/06/2026;2026;6;8
31572;9/06/2026;2026;6;9
31573;10/06/2026;2026;6;10
31574;11/06/2026;2026;6;11
31575;12/06/2026;2026;6;12
31576;13/06/2026;2026;6;13
31577;14/06/2026;2026;6;14
31578;15/06/2026;2026;6;15
31579;16/06/2026;2026;6;16
31580;17/06/2026;2026;6;17
31581;18/06/2026;2026;6;18
31582;19/06/2026;2026;6;19
31583;20/06/2026;2026;6;20
31584;21/06/2026;2026;6;21
31585;22/06/2026;2026;6;22
31586;23/06/2026;2026;6;23
31587;24/06/2026;2026;6;24
31588;25/06/2026;2026;6;25
31589;26/06/2026;2026;6;26
31590;27/06/2026;2026;6;27
31591;28/06/2026;2026;6;28
31592;29/06/2026;2026;6;29
31593;30/06/2026;2026;6;30
31594;1/07/2026;2026;7;1
31595;2/07/2026;2026;7;2
31596;3/07/2026;2026;7;3
31597;4/07/2026;2026;7;4
31598;5/07/2026;2026;7;5
31599;6/07/2026;2026;7;6
31600;7/07/2026;2026;7;7
31601;8/07/2026;2026;7;8
31602;9/07/2026;2026;7;9
31603;10/07/2026;2026;7;10
31604;11/07/2026;2026;7;11
31605;12/07/2026;2026;7;12
31606;13/07/2026;2026;7;13
31607;14/07/2026;2026;7;14
31608;15/07/2026;2026;7;15
31609;16/07/2026;2026;7;16
31610;17/07/2026;2026;7;17
31611;18/07/2026;2026;7;18
31612;19/07/2026;2026;7;19
31613;20/07/2026;2026;7;20
31614;21/07/2026;2026;7;21
31615;22/07/2026;2026;7;22
31616;23/07/2026;2026;7;23
31617;24/07/2026;2026;7;24
31618;25/07/2026;2026;7;25
31619;26/07/2026;2026;7;26
31620;27/07/2026;2026;7;27
31621;28/07/2026;2026;7;28
31622;29/07/2026;2026;7;29
31623;30/07/2026;2026;7;30
31624;31/07/2026;2026;7;31
31625;1/08/2026;2026;8;1
31626;2/08/2026;2026;8;2
31627;3/08/2026;2026;8;3
31628;4/08/2026;2026;8;4
31629;5/08/2026;2026;8;5
31630;6/08/2026;2026;8;6
31631;7/08/2026;2026;8;7
31632;8/08/2026;2026;8;8
31633;9/08/2026;2026;8;9
31634;10/08/2026;2026;8;10
31635;11/08/2026;2026;8;11
31636;12/08/2026;2026;8;12
31637;13/08/2026;2026;8;13
31638;14/08/2026;2026;8;14
31639;15/08/2026;2026;8;15
31640;16/08/2026;2026;8;16
31641;17/08/2026;2026;8;17
31642;18/08/2026;2026;8;18
31643;19/08/2026;2026;8;19
31644;20/08/2026;2026;8;20
31645;21/08/2026;2026;8;21
31646;22/08/2026;2026;8;22
31647;23/08/2026;2026;8;23
31648;24/08/2026;2026;8;24
31649;25/08/2026;2026;8;25
31650;26/08/2026;2026;8;26
31651;27/08/2026;2026;8;27
31652;28/08/2026;2026;8;28
31653;29/08/2026;2026;8;29
31654;30/08/2026;2026;8;30
31655;31/08/2026;2026;8;31
31656;1/09/2026;2026;9;1
31657;2/09/2026;2026;9;2
31658;3/09/2026;2026;9;3
31659;4/09/2026;2026;9;4
31660;5/09/2026;2026;9;5
31661;6/09/2026;2026;9;6
31662;7/09/2026;2026;9;7
31663;8/09/2026;2026;9;8
31664;9/09/2026;2026;9;9
31665;10/09/2026;2026;9;10
31666;11/09/2026;2026;9;11
31667;12/09/2026;2026;9;12
31668;13/09/2026;2026;9;13
31669;14/09/2026;2026;9;14
31670;15/09/2026;2026;9;15
31671;16/09/2026;2026;9;16
31672;17/09/2026;2026;9;17
31673;18/09/2026;2026;9;18
31674;19/09/2026;2026;9;19
31675;20/09/2026;2026;9;20
31676;21/09/2026;2026;9;21
31677;22/09/2026;2026;9;22
31678;23/09/2026;2026;9;23
31679;24/09/2026;2026;9;24
31680;25/09/2026;2026;9;25
31681;26/09/2026;2026;9;26
31682;27/09/2026;2026;9;27
31683;28/09/2026;2026;9;28
31684;29/09/2026;2026;9;29
31685;30/09/2026;2026;9;30
31686;1/10/2026;2026;10;1
31687;2/10/2026;2026;10;2
31688;3/10/2026;2026;10;3
31689;4/10/2026;2026;10;4
31690;5/10/2026;2026;10;5
31691;6/10/2026;2026;10;6
31692;7/10/2026;2026;10;7
31693;8/10/2026;2026;10;8
31694;9/10/2026;2026;10;9
31695;10/10/2026;2026;10;10
31696;11/10/2026;2026;10;11
31697;12/10/2026;2026;10;12
31698;13/10/2026;2026;10;13
31699;14/10/2026;2026;10;14
31700;15/10/2026;2026;10;15
31701;16/10/2026;2026;10;16
31702;17/10/2026;2026;10;17
31703;18/10/2026;2026;10;18
31704;19/10/2026;2026;10;19
31705;20/10/2026;2026;10;20
31706;21/10/2026;2026;10;21
31707;22/10/2026;2026;10;22
31708;23/10/2026;2026;10;23
31709;24/10/2026;2026;10;24
31710;25/10/2026;2026;10;25
31711;26/10/2026;2026;10;26
31712;27/10/2026;2026;10;27
31713;28/10/2026;2026;10;28
31714;29/10/2026;2026;10;29
31715;30/10/2026;2026;10;30
31716;31/10/2026;2026;10;31
31717;1/11/2026;2026;11;1
31718;2/11/2026;2026;11;2
31719;3/11/2026;2026;11;3
31720;4/11/2026;2026;11;4
31721;5/11/2026;2026;11;5
31722;6/11/2026;2026;11;6
31723;7/11/2026;2026;11;7
31724;8/11/2026;2026;11;8
31725;9/11/2026;2026;11;9
31726;10/11/2026;2026;11;10
31727;11/11/2026;2026;11;11
31728;12/11/2026;2026;11;12
31729;13/11/2026;2026;11;13
31730;14/11/2026;2026;11;14
31731;15/11/2026;2026;11;15
31732;16/11/2026;2026;11;16
31733;17/11/2026;2026;11;17
31734;18/11/2026;2026;11;18
31735;19/11/2026;2026;11;19
31736;20/11/2026;2026;11;20
31737;21/11/2026;2026;11;21
31738;22/11/2026;2026;11;22
31739;23/11/2026;2026;11;23
31740;24/11/2026;2026;11;24
31741;25/11/2026;2026;11;25
31742;26/11/2026;2026;11;26
31743;27/11/2026;2026;11;27
31744;28/11/2026;2026;11;28
31745;29/11/2026;2026;11;29
31746;30/11/2026;2026;11;30
31747;1/12/2026;2026;12;1
31748;2/12/2026;2026;12;2
31749;3/12/2026;2026;12;3
31750;4/12/2026;2026;12;4
31751;5/12/2026;2026;12;5
31752;6/12/2026;2026;12;6
31753;7/12/2026;2026;12;7
31754;8/12/2026;2026;12;8
31755;9/12/2026;2026;12;9
31756;10/12/2026;2026;12;10
31757;11/12/2026;2026;12;11
31758;12/12/2026;2026;12;12
31759;13/12/2026;2026;12;13
31760;14/12/2026;2026;12;14
31761;15/12/2026;2026;12;15
31762;16/12/2026;2026;12;16
31763;17/12/2026;2026;12;17
31764;18/12/2026;2026;12;18
31765;19/12/2026;2026;12;19
31766;20/12/2026;2026;12;20
31767;21/12/2026;2026;12;21
31768;22/12/2026;2026;12;22
31769;23/12/2026;2026;12;23
31770;24/12/2026;2026;12;24
31771;25/12/2026;2026;12;25
31772;26/12/2026;2026;12;26
31773;27/12/2026;2026;12;27
31774;28/12/2026;2026;12;28
31775;29/12/2026;2026;12;29
31776;30/12/2026;2026;12;30
31777;31/12/2026;2026;12;31
